ID,Name,Category,Initial quantity,Unit,Pack contents,Model,Description,Interface,Power,Notes,Product URL,Guide URL,Image URL,Image source URL,Purchase source,Keywords
arduino,Arduino UNO R4 WiFi,Controllers,10,units,,ABX00087,"Connect sensors, control outputs, and send your prototype’s data over WiFi.",USB-C / GPIO / I2C / SPI / UART,5 V GPIO; USB-C power,"Board with built-in WiFi, Bluetooth hardware, and a 12 × 8 LED matrix. Start with the UNO R4 WiFi setup guide and select this exact board in the Arduino IDE.",https://store.arduino.cc/products/uno-r4-wifi,https://docs.arduino.cc/hardware/uno-r4-wifi/,https://store.arduino.cc/cdn/shop/files/ABX00087_00.front_1200x900.jpg?v=1749566714,https://store.arduino.cc/products/uno-r4-wifi,Microkit-Components-2026-09-23.xlsx · Sheet1 row 2 · 1050-ABX00087-ND,microcontroller wireless internet IoT
ultrasonic,Ultrasonic distance sensor,Sensors,12,units,,RCWL-1601 · Adafruit 4007,"Measure distance for parking, proximity, or model water-level experiments.",Trigger / echo,3–5.5 V,"RCWL-1601, compatible with HC-SR04 timing. Keep the electronics dry; this is an exposed benchtop sensor.",https://www.adafruit.com/product/4007,https://learn.adafruit.com/distance-measurement-ultrasound-hcsr04,https://cdn-shop.adafruit.com/640x480/4007-05.jpg,https://www.adafruit.com/product/4007,Microkit-Components-2026-09-23.xlsx · Sheet1 row 3 · 1528-2832-ND,distance parking water level sonar HC-SR04 RCWL-1601
bag,Anti-static shielding bags,Prototyping,12,bags,,30033,Protect small components while moving or storing your prototype.,Storage,No power required,"SCS 30033 zip-top shielding bags, 3 × 3 inches. Keep unpowered loose electronics inside.",https://www.digikey.com/en/products/detail/scs/30033/3430455,,https://mm.digikey.com/Volume0/opasdata/d220001/derivates/1/200/298/391/30033_sml.jpg,https://www.digikey.com/en/products/detail/scs/30033/3430455,Microkit-Components-2026-09-23.xlsx · Sheet1 row 4 · SCP404-ND,storage ESD protection
photoresistor,Photoresistor,Sensors,12,units,,161,Sense relative light levels for lighting and daylight-responsive prototypes.,Analog via voltage divider,Passive component,Combine with a fixed resistor to form a voltage divider. Read the divider with an analog input; resistance changes with light.,https://www.adafruit.com/product/161,https://learn.adafruit.com/photocells,https://cdn-shop.adafruit.com/640x480/161-00.jpg,https://www.adafruit.com/product/161,Microkit-Components-2026-09-23.xlsx · Sheet1 row 5 · 1528-161-ND,light LDR CdS daylight brightness
buzzer,Piezo buzzer,Actuators,12,units,,PT-1303T,"Add an audible alert to a crossing, threshold, or status demonstration.",Square-wave / tone output,5 V peak-to-peak rated drive,"Soberton PT-1303T is an externally driven piezo element. It needs an alternating signal such as Arduino tone(), rather than steady DC.",https://www.digikey.com/en/products/detail/soberton-inc/PT-1303T/16354860,https://www.soberton.com/wp-content/uploads/2022/03/PT-1303T.pdf,https://mm.digikey.com/Volume0/opasdata/d220001/derivates/1/001/124/239/PT-1303T_sml%28200x200%29.jpg,https://www.digikey.com/en/products/detail/soberton-inc/PT-1303T/16354860,Microkit-Components-2026-09-23.xlsx · Sheet1 row 6 · 433-PT-1303T-ND,sound audio alert alarm tone
yellow-led,Yellow LED · 5 mm,Displays & inputs,24,units,,MT3118-Y-A,Show caution states and build miniature traffic signals.,Digital output,Use a series resistor,"Marktech MT3118-Y-A, diffused through-hole LED. Use a current-limiting resistor and observe polarity.",https://www.digikey.com/en/products/detail/marktech-optoelectronics/MT3118-Y-A/4214621,https://specs.marktechopto.com/pdf/products/datasheet/MT3118-Y-A.pdf,https://mm.digikey.com/Volume0/opasdata/d220001/derivates/1/200/316/883/MT3118-Y-A_sml.jpg,https://www.digikey.com/en/products/detail/marktech-optoelectronics/MT3118-Y-A/4214621,Microkit-Components-2026-09-23.xlsx · Sheet1 row 7 · 1125-1187-ND,yellow amber light signal traffic
green-led,Green LED · 5 mm,Displays & inputs,24,units,,MT2118-G-A,"Show normal operation, a successful action, or a green traffic signal.",Digital output,Use a series resistor,"Marktech MT2118-G-A, diffused through-hole LED. Use a current-limiting resistor and observe polarity.",https://www.digikey.com/en/products/detail/marktech-optoelectronics/MT2118-G-A/4214619,https://specs.marktechopto.com/pdf/products/datasheet/MT2118-G-A.pdf,https://mm.digikey.com/Volume0/opasdata/d220001/derivates/1/200/316/890/MT2118-G-A_sml.jpg,https://www.digikey.com/en/products/detail/marktech-optoelectronics/MT2118-G-A/4214619,Microkit-Components-2026-09-23.xlsx · Sheet1 row 8 · 1125-1184-ND,green light signal traffic
red-led,Red LED · 5 mm,Displays & inputs,24,units,,MT4118-HR-A,"Show stop states, warnings, or thresholds in your prototype.",Digital output,Use a series resistor,"Marktech MT4118-HR-A, diffused through-hole LED. Use a current-limiting resistor and observe polarity.",https://www.digikey.com/en/products/detail/marktech-optoelectronics/MT4118-HR-A/4214622,https://specs.marktechopto.com/pdf/products/datasheet/MT4118-HR-A.pdf,https://mm.digikey.com/Volume0/opasdata/d220001/derivates/1/200/316/900/MT4118-HR-A_sml.jpg,https://www.digikey.com/en/products/detail/marktech-optoelectronics/MT4118-HR-A/4214622,Microkit-Components-2026-09-23.xlsx · Sheet1 row 9 · 1125-1188-ND,red light signal traffic
usb-c,USB-C to USB-C cable,Power & cables,12,units,,DH-20UE0062-NH,Power and program your Arduino from a USB-C computer.,USB 2.0 data + power,USB-C,"CviLux DH-20UE0062-NH, 150 mm cable with USB-C male connectors at both ends. Supports data transfer as well as charging.",https://www.digikey.com/en/products/detail/cvilux-usa/DH-20UE0062-NH/13177407,https://mm.digikey.com/Volume0/opasdata/d220001/medias/docus/4730/D000071A.pdf,https://mm.digikey.com/Volume0/opasdata/d220001/derivates/1/003/123/148/MFG_DH-2xUE006x-NH_sml%28200x200%29.jpg,https://www.digikey.com/en/products/detail/cvilux-usa/DH-20UE0062-NH/13177407,Microkit-Components-2026-09-23.xlsx · Sheet1 row 10 · 2987-DH-20UE0062-NH-ND,USB programming data cable
resistors,Resistor assortment,Prototyping,4,kits,500 resistors per kit,COM-10969,"Build voltage dividers, limit LED current, and bias transistor circuits.",Through-hole components,¼ W resistors,SparkFun COM-10969 assortment. Each kit contains 500 resistors across common values. Read the color bands before selecting a value.,https://www.sparkfun.com/resistor-kit-1-4w-500-total.html,https://learn.sparkfun.com/tutorials/resistors,https://www.sparkfun.com/media/catalog/product/cache/6b78ac9ed927a3c2db42a3c84dab4ce5/1/0/10969-Resistor_Kit_-_1_4W__500_total_-01.jpg,https://www.sparkfun.com/resistor-kit-1-4w-500-total.html,Microkit-Components-2026-09-23.xlsx · Sheet1 row 11 · 1568-COM-10969-ND,resistance divider current limiting passive
breadboard,400-point solderless breadboard,Prototyping,4,units,,FIT0096,Wire and revise circuits quickly without soldering.,2.54 mm connections,No power required,DFRobot FIT0096 with 400 tie points and removable power rails. Use a continuity check if you are unsure which holes connect.,https://www.dfrobot.com/product-371.html,https://learn.sparkfun.com/tutorials/how-to-use-a-breadboard,https://dfimg.dfrobot.com/enshop/FIT0096/FIT0096_Main_01.jpg,https://www.dfrobot.com/product-371.html,Microkit-Components-2026-09-23.xlsx · Sheet1 row 12 · 1738-1326-ND,prototype bread board circuit wiring
imu,6-axis accelerometer + gyroscope,Sensors,6,units,,LSM6DS3TR-C · Adafruit 4503,"Measure movement, tilt, and rotation for mobility and infrastructure models.",I2C / SPI,3–5 V breakout power / logic,Adafruit LSM6DS3TR-C breakout. Supports ordinary soldered headers as well as STEMMA QT; a Qwiic controller is not required. It has no magnetometer.,https://www.adafruit.com/product/4503,https://learn.adafruit.com/adafruit-lsm6ds3tr-c-6-dof-accel-gyro-imu,https://cdn-shop.adafruit.com/640x480/4503-12.jpg,https://www.adafruit.com/product/4503,Microkit-Components-2026-09-23.xlsx · Sheet1 row 13 · 1528-4503-ND,IMU motion vibration acceleration orientation gyro six axis
servo,Standard positional servo,Actuators,4,units,,FS5103B · Pololu 3424,"Move a model gate, barrier, shade, or other small mechanism.",Servo pulse signal,4.8–6 V motor supply,FEETECH FS5103B from Pololu. Use an appropriate external motor supply with common ground to the Arduino; a Motor Shield is not required for its control signal.,https://www.pololu.com/product/3424,https://www.pololu.com/product/3424,https://a.pololu-files.com/picture/0J8210.1200x627.jpg?277fc90fae708f3a36e19ba9269a7e04,https://www.pololu.com/product/3424,Microkit-Components-2026-09-23.xlsx · Sheet1 row 14 · 2183-3424-ND,motor rotation position gate barrier PWM
motor-shield,Arduino Motor Shield,Actuators,2,units,,1438,Control DC motors or stepper motors in a moving prototype.,I2C control,4.5–13.5 V motor supply,"Adafruit product 1438, listed as v2 in the purchase order. Supports four DC motors or two steppers. Check the supplied board revision and library support for your Arduino.",https://www.adafruit.com/product/1438,https://learn.adafruit.com/adafruit-motor-shield-v2-for-arduino,https://cdn-shop.adafruit.com/640x480/1438-00.jpg,https://www.adafruit.com/product/1438,Microkit-Components-2026-09-23.xlsx · Sheet1 row 15 · 1528-1187-ND,motor driver H bridge stepper shield
aht20,Temperature & humidity sensor,Sensors,6,units,,AHT20 · Adafruit 4566,"Measure ambient conditions for comfort, weather, and environment projects.",I2C,3–5 V breakout power / logic,Adafruit AHT20 breakout. Connect with headers or STEMMA QT. Default I2C address is 0x38.,https://www.adafruit.com/product/4566,https://learn.adafruit.com/adafruit-aht20,https://cdn-shop.adafruit.com/640x480/4566-04.jpg,https://www.adafruit.com/product/4566,Microkit-Components-2026-09-23.xlsx · Sheet1 row 16 · 1528-4566-ND,AHT20 temperature humidity weather climate comfort
sgp40,VOC air-quality sensor,Sensors,4,units,,SGP40 · Adafruit 4829,Track changes in indoor air quality using a relative VOC index.,I2C,3–5 V breakout power / logic,Adafruit SGP40 breakout. Use the VOC Index algorithm and temperature/humidity compensation. This sensor does not measure CO2 or particulate matter.,https://www.adafruit.com/product/4829,https://learn.adafruit.com/adafruit-sgp40,https://cdn-shop.adafruit.com/640x480/4829-06.jpg,https://www.adafruit.com/product/4829,Microkit-Components-2026-09-23.xlsx · Sheet1 row 17 · 1528-4829-ND,SGP40 air quality volatile organic compounds VOC indoor ventilation
vibration,Mini vibration motor,Actuators,6,units,,1201,Create tactile alerts for wearable or accessible city prototypes.,Transistor-switched DC,2.5–3.8 V rated motor,Adafruit 1201 disc motor. Drive through a PN2222 transistor with a base resistor and a flyback diode; do not drive it directly from an Arduino GPIO.,https://www.adafruit.com/product/1201,https://www.adafruit.com/product/1201,https://cdn-shop.adafruit.com/640x480/1201-01.jpg,https://www.adafruit.com/product/1201,Microkit-Components-2026-09-23.xlsx · Sheet1 row 18 · 1528-1177-ND,haptic tactile vibration accessibility motor
transistor,PN2222 NPN transistor,Prototyping,12,units,,PN2222ABU,Switch a small motor or other load using a microcontroller signal.,Base / collector / emitter,Load supply selected for circuit,"onsemi PN2222ABU, TO-92 package. Use a base resistor. Check the exact datasheet pinout and the load current before wiring.",https://www.digikey.com/en/products/detail/onsemi/PN2222ABU/6534,https://www.onsemi.com/pdf/datasheet/pn2222a-d.pdf,https://mm.digikey.com/Volume0/opasdata/d220001/derivates/1/003/199/932/488~MKT-ZA03D~~3_sml%28200x200%29.jpg,https://www.digikey.com/en/products/detail/onsemi/PN2222ABU/6534,Microkit-Components-2026-09-23.xlsx · Sheet1 row 19 · PN2222AFS-ND,PN2222 PN2222A NPN BJT switch motor driver
diode,1N4007 flyback diode,Prototyping,12,units,,1N4007,Protect a switching transistor from a motor’s inductive voltage spike.,Axial through-hole,Passive component,"Diotec 1N4007. For a flyback connection, place it across the motor with the striped cathode toward the positive supply.",https://www.digikey.com/en/products/detail/diotec-semiconductor/1N4007/18833652,https://diotec.com/request/datasheet/1n4001.pdf,https://mm.digikey.com/Volume0/opasdata/d220001/derivates/1/003/243/002/MFG_4878~DO41-DO204AC~~2_sml%28200x200%29.jpg,https://www.digikey.com/en/products/detail/diotec-semiconductor/1N4007/18833652,Microkit-Components-2026-09-23.xlsx · Sheet1 row 20 · 4878-1N4007CT-ND,diode rectifier flyback protection motor
oled,0.91-inch OLED display,Displays & inputs,9,units,,4440,"Display live sensor readings, messages, and simple graphics.",I2C,3.3–5 V breakout power / logic,"Adafruit 4440, monochrome 128 × 32 display. Supports headers or STEMMA QT; default I2C address is 0x3C.",https://www.adafruit.com/product/4440,https://learn.adafruit.com/monochrome-oled-breakouts,https://cdn-shop.adafruit.com/970x728/4440-07.jpg,https://www.adafruit.com/product/4440,Microkit-Components-2026-09-23.xlsx · Sheet1 row 21 · 1528-4440-ND,OLED SSD1306 screen display readings
9v-holder,9 V battery holder,Power & cables,4,units,,BH9VW,Mount a 9 V battery and connect it to a suitable power input.,Wire leads,One 9 V battery,MPD BH9VW with 6-inch leads. Holder only; battery is not included. Do not connect 9 V directly to a 5 V pin.,https://www.digikey.com/en/products/detail/mpd-memory-protection-devices/BH9VW/221547,,https://mm.digikey.com/Volume0/opasdata/d220001/derivates/1/003/268/914/BH9V-W_sml%28200x200%29.jpg,https://www.digikey.com/en/products/detail/mpd-memory-protection-devices/BH9VW/221547,Microkit-Components-2026-09-23.xlsx · Sheet1 row 22 · BH9VW-ND,battery 9V holder power
2aa-holder,2 × AA battery holder,Power & cables,4,units,,2463,Create a compact battery supply for low-voltage circuits.,Wire leads,Depends on AA cell chemistry,"Keystone 2463, two cells in series with 6-inch leads. Holder only; batteries are not included. Two alkaline cells provide about 3 V nominal.",https://www.digikey.com/en/products/detail/keystone-electronics/2463/303812,,https://mm.digikey.com/Volume0/opasdata/d220001/derivates/1/003/247/029/2463_sml%28200x200%29.jpg,https://www.digikey.com/en/products/detail/keystone-electronics/2463/303812,Microkit-Components-2026-09-23.xlsx · Sheet1 row 23 · 36-2463-ND,AA battery 2AA holder power
4aa-holder,4 × AA battery holder,Power & cables,8,units,,BH4AAW,Build a battery supply for compatible motors and prototypes.,Wire leads,Depends on AA cell chemistry,"MPD BH4AAW, four cells in series with 6-inch leads. Holder only; batteries are not included. Four alkaline cells provide about 6 V nominal.",https://www.digikey.com/en/products/detail/mpd-memory-protection-devices/BH4AAW/32051,,https://mm.digikey.com/Volume0/opasdata/d220001/derivates/1/003/251/068/BH4AA-W_sml%28200x200%29.jpg,https://www.digikey.com/en/products/detail/mpd-memory-protection-devices/BH4AAW/32051,Microkit-Components-2026-09-23.xlsx · Sheet1 row 24 · BH4AA-W-ND,AA battery 4AA holder power
gnss,GPS / GNSS breakout,Sensors,2,units,,PA1616D · Adafruit 5440,Log outdoor position and time for mobility and tracking projects.,UART / NMEA,3.3–5 V breakout power,Adafruit Ultimate GPS PA1616D with GPS + GLONASS reception. Start outdoors with a clear view of the sky; a first position fix can take time.,https://www.adafruit.com/product/5440,https://learn.adafruit.com/adafruit-ultimate-gps,https://cdn-shop.adafruit.com/640x480/5440-04.jpg,https://www.adafruit.com/product/5440,Microkit-Components-2026-09-23.xlsx · Sheet1 row 25 · 1528-5440-ND,GNSS GPS location outdoor mobility tracking positioning GLONASS
flow,Turbine water-flow sensor,Sensors,2,units,,5066,Count water flow for a benchtop plumbing or leak-detection model.,Hall-effect pulse output,5–15 V sensor supply,Adafruit 5066 clear turbine sensor with 3-pin JST. Designed for about 1–30 L/min. Calibrate with a measured volume; it is not a pressure sensor.,https://www.adafruit.com/product/5066,https://www.adafruit.com/product/5066,https://cdn-shop.adafruit.com/640x480/5066-01.jpg,https://www.adafruit.com/product/5066,Microkit-Components-2026-09-23.xlsx · Sheet1 row 26 · 1528-5066-ND,water liquid flow plumbing leak turbine
pir,PIR motion sensor,Sensors,2,units,,189,Detect movement for occupancy-triggered lighting and activity demos.,Digital output,5–12 V sensor supply,"Adafruit 189 passive infrared sensor with adjustable sensitivity and timing. Allow it to settle after power-up. Detects changes in infrared radiation, rather than reliably counting people.",https://www.adafruit.com/product/189,https://learn.adafruit.com/pir-passive-infrared-proximity-motion-sensor,https://cdn-shop.adafruit.com/640x480/189-04.jpg,https://www.adafruit.com/product/189,Microkit-Components-2026-09-23.xlsx · Sheet1 row 27 · 1528-1991-ND,PIR infrared occupancy presence motion people
pm,Particulate air-quality sensor,Sensors,1,units,,PMSA003I · Adafruit 4632,"Measure airborne PM1.0, PM2.5, and PM10 for air-quality projects.",I2C,3.3–5 V breakout power,Adafruit PMSA003I breakout with fan and optical particle sensing. Keep the inlet and outlet unobstructed. Default I2C address is 0x12.,https://www.adafruit.com/product/4632,https://learn.adafruit.com/pmsa003i,https://cdn-shop.adafruit.com/640x480/4632-10.jpg,https://www.adafruit.com/product/4632,Microkit-Components-2026-09-23.xlsx · Sheet1 row 28 · 1528-4632-ND,PMSA003I particle particulate PM2.5 PM10 pollution air quality
button,Illuminated arcade button,Displays & inputs,6,units,,3491,"Give your prototype a large, easy-to-press user control.",Momentary switch + LED leads,5 V LED illumination,Adafruit 3491 translucent clear button for a 30 mm panel hole. Switch and illumination use separate terminals. Use the quick-connect harness for the switch leads.,https://www.adafruit.com/product/3491,https://www.adafruit.com/product/3491,https://cdn-shop.adafruit.com/640x480/3491-00.jpg,https://www.adafruit.com/product/3491,Microkit-Components-2026-09-23.xlsx · Sheet1 row 29 · 1528-2318-ND,button switch pushbutton arcade input accessibility
harness,Arcade button wire pairs,Power & cables,1,packs,10 wire pairs per pack,1152,Connect arcade button terminals without soldering directly to the switch.,0.11-inch quick-connect terminals,Passive wiring,Adafruit 1152 pack contains ten wire pairs with 0.11-inch connectors. One pair connects a button’s two switch contacts; illumination needs additional leads.,https://www.adafruit.com/product/1152,https://www.adafruit.com/product/1152,https://cdn-shop.adafruit.com/640x480/1152-06.jpg,https://www.adafruit.com/product/1152,Microkit-Components-2026-09-23.xlsx · Sheet1 row 30 · 1528-2208-ND,harness wires arcade quick connect cable
